"","X","Y","month","day","FFMC","DMC","DC","ISI","temp","RH","wind","rain","area","d.rain"
"1",7,5,"mar","fri",86.2,26.2,94.3,5.1,8.2,51,6.7,1,0,1
"2",7,4,"oct","tue",90.6,35.4,669.1,6.7,18,33,0.9,1,0,1
"3",7,4,"oct","sat",90.6,43.7,686.9,6.7,14.6,33,1.3,1,0,1
"4",8,6,"mar","fri",91.7,33.3,77.5,9,8.3,97,4,0,0,0
"5",8,6,"mar","sun",89.3,51.3,102.2,9.6,11.4,99,1.8,1,0,1
"6",8,6,"aug","sun",92.3,85.3,488,14.7,22.2,29,5.4,1,0,1
"7",8,6,"aug","mon",92.3,88.9,495.6,8.5,24.1,27,3.1,1,0,1
"8",8,6,"aug","mon",91.5,145.4,608.2,10.7,8,86,2.2,1,0,1
"9",8,6,"sep","tue",91,129.5,692.6,7,13.1,63,5.4,1,0,1
"10",7,5,"sep","sat",92.5,88,698.6,7.1,22.8,40,4,1,0,1
"11",7,5,"sep","sat",92.5,88,698.6,7.1,17.8,51,7.2,1,0,1
"12",7,5,"sep","sat",92.8,73.2,713,22.6,19.3,38,4,1,0,1
"13",6,5,"aug","fri",63.5,70.8,665.3,0.8,17,72,6.7,1,0,1
"14",6,5,"sep","mon",90.9,126.5,686.5,7,21.3,42,2.2,1,0,1
"15",6,5,"sep","wed",92.9,133.3,699.6,9.2,26.4,21,4.5,1,0,1
"16",6,5,"sep","fri",93.3,141.2,713.9,13.9,22.9,44,5.4,1,0,1
"17",5,5,"mar","sat",91.7,35.8,80.8,7.8,15.1,27,5.4,1,0,1
"18",8,5,"oct","mon",84.9,32.8,664.2,3,16.7,47,4.9,1,0,1
"19",6,4,"mar","wed",89.2,27.9,70.8,6.3,15.9,35,4,1,0,1
"20",6,4,"apr","sat",86.3,27.4,97.1,5.1,9.3,44,4.5,1,0,1
"21",6,4,"sep","tue",91,129.5,692.6,7,18.3,40,2.7,1,0,1
"22",5,4,"sep","mon",91.8,78.5,724.3,9.2,19.1,38,2.7,1,0,1
"23",7,4,"jun","sun",94.3,96.3,200,56.1,21,44,4.5,1,0,1
"24",7,4,"aug","sat",90.2,110.9,537.4,6.2,19.5,43,5.8,1,0,1
"25",7,4,"aug","sat",93.5,139.4,594.2,20.3,23.7,32,5.8,1,0,1
"26",7,4,"aug","sun",91.4,142.4,601.4,10.6,16.3,60,5.4,1,0,1
"27",7,4,"sep","fri",92.4,117.9,668,12.2,19,34,5.8,1,0,1
"28",7,4,"sep","mon",90.9,126.5,686.5,7,19.4,48,1.3,1,0,1
"29",6,3,"sep","sat",93.4,145.4,721.4,8.1,30.2,24,2.7,1,0,1
"30",6,3,"sep","sun",93.5,149.3,728.6,8.1,22.8,39,3.6,1,0,1
"31",6,3,"sep","fri",94.3,85.1,692.3,15.9,25.4,24,3.6,1,0,1
"32",6,3,"sep","mon",88.6,91.8,709.9,7.1,11.2,78,7.6,1,0,1
"33",6,3,"sep","fri",88.6,69.7,706.8,5.8,20.6,37,1.8,1,0,1
"34",6,3,"sep","sun",91.7,75.6,718.3,7.8,17.7,39,3.6,1,0,1
"35",6,3,"sep","mon",91.8,78.5,724.3,9.2,21.2,32,2.7,1,0,1
"36",6,3,"sep","tue",90.3,80.7,730.2,6.3,18.2,62,4.5,1,0,1
"37",6,3,"oct","tue",90.6,35.4,669.1,6.7,21.7,24,4.5,1,0,1
"38",7,4,"oct","fri",90,41.5,682.6,8.7,11.3,60,5.4,1,0,1
"39",7,3,"oct","sat",90.6,43.7,686.9,6.7,17.8,27,4,1,0,1
"40",4,4,"mar","tue",88.1,25.7,67.6,3.8,14.1,43,2.7,1,0,1
"41",4,4,"jul","tue",79.5,60.6,366.7,1.5,23.3,37,3.1,1,0,1
"42",4,4,"aug","sat",90.2,96.9,624.2,8.9,18.4,42,6.7,1,0,1
"43",4,4,"aug","tue",94.8,108.3,647.1,17,16.6,54,5.4,1,0,1
"44",4,4,"sep","sat",92.5,88,698.6,7.1,19.6,48,2.7,1,0,1
"45",4,4,"sep","wed",90.1,82.9,735.7,6.2,12.9,74,4.9,1,0,1
"46",5,6,"sep","wed",94.3,85.1,692.3,15.9,25.9,24,4,1,0,1
"47",5,6,"sep","mon",90.9,126.5,686.5,7,14.7,70,3.6,1,0,1
"48",6,6,"jul","mon",94.2,62.3,442.9,11,23,36,3.1,1,0,1
"49",4,4,"mar","mon",87.2,23.9,64.7,4.1,11.8,35,1.8,1,0,1
"50",4,4,"mar","mon",87.6,52.2,103.8,5,11,46,5.8,1,0,1
"51",4,4,"sep","thu",92.9,137,706.4,9.2,20.8,17,1.3,1,0,1
"52",4,3,"aug","sun",90.2,99.6,631.2,6.3,21.5,34,2.2,1,0,1
"53",4,3,"aug","wed",92.1,111.2,654.1,9.6,20.4,42,4.9,1,0,1
"54",4,3,"aug","wed",92.1,111.2,654.1,9.6,20.4,42,4.9,1,0,1
"55",4,3,"aug","thu",91.7,114.3,661.3,6.3,17.6,45,3.6,1,0,1
"56",4,3,"sep","thu",92.9,137,706.4,9.2,27.7,24,2.2,1,0,1
"57",4,3,"sep","tue",90.3,80.7,730.2,6.3,17.8,63,4.9,1,0,1
"58",4,3,"oct","sun",92.6,46.5,691.8,8.8,13.8,50,2.7,1,0,1
"59",2,2,"feb","mon",84,9.3,34,2.1,13.9,40,5.4,1,0,1
"60",2,2,"feb","fri",86.6,13.2,43,5.3,12.3,51,0.9,1,0,1
"61",2,2,"mar","sun",89.3,51.3,102.2,9.6,11.5,39,5.8,1,0,1
"62",2,2,"mar","sun",89.3,51.3,102.2,9.6,5.5,59,6.3,1,0,1
"63",2,2,"aug","thu",93,75.3,466.6,7.7,18.8,35,4.9,1,0,1
"64",2,2,"aug","sun",90.2,99.6,631.2,6.3,20.8,33,2.7,1,0,1
"65",2,2,"aug","mon",91.1,103.2,638.8,5.8,23.1,31,3.1,1,0,1
"66",2,2,"aug","thu",91.7,114.3,661.3,6.3,18.6,44,4.5,1,0,1
"67",2,2,"sep","fri",92.4,117.9,668,12.2,23,37,4.5,1,0,1
"68",2,2,"sep","fri",92.4,117.9,668,12.2,19.6,33,5.4,1,0,1
"69",2,2,"sep","fri",92.4,117.9,668,12.2,19.6,33,6.3,1,0,1
"70",4,5,"mar","fri",91.7,33.3,77.5,9,17.2,26,4.5,1,0,1
"71",4,5,"mar","fri",91.2,48.3,97.8,12.5,15.8,27,7.6,1,0,1
"72",4,5,"sep","fri",94.3,85.1,692.3,15.9,17.7,37,3.6,1,0,1
"73",5,4,"mar","fri",91.7,33.3,77.5,9,15.6,25,6.3,1,0,1
"74",5,4,"aug","tue",88.8,147.3,614.5,9,17.3,43,4.5,1,0,1
"75",5,4,"sep","fri",93.3,141.2,713.9,13.9,27.6,30,1.3,1,0,1
"76",9,9,"feb","thu",84.2,6.8,26.6,7.7,6.7,79,3.1,1,0,1
"77",9,9,"feb","fri",86.6,13.2,43,5.3,15.7,43,3.1,1,0,1
"78",1,3,"mar","mon",87.6,52.2,103.8,5,8.3,72,3.1,1,0,1
"79",1,2,"aug","fri",90.1,108,529.8,12.5,14.7,66,2.7,1,0,1
"80",1,2,"aug","tue",91,121.2,561.6,7,21.6,19,6.7,1,0,1
"81",1,2,"aug","sun",91.4,142.4,601.4,10.6,19.5,39,6.3,1,0,1
"82",1,2,"aug","sun",90.2,99.6,631.2,6.3,17.9,44,2.2,1,0,1
"83",1,2,"aug","tue",94.8,108.3,647.1,17,18.6,51,4.5,1,0,1
"84",1,2,"aug","wed",92.1,111.2,654.1,9.6,16.6,47,0.9,1,0,1
"85",1,2,"aug","thu",91.7,114.3,661.3,6.3,20.2,45,3.6,1,0,1
"86",1,2,"sep","thu",92.9,137,706.4,9.2,21.5,15,0.9,1,0,1
"87",1,2,"sep","thu",92.9,137,706.4,9.2,25.4,27,2.2,1,0,1
"88",1,2,"sep","thu",92.9,137,706.4,9.2,22.4,34,2.2,1,0,1
"89",1,2,"sep","sun",93.5,149.3,728.6,8.1,25.3,36,3.6,1,0,1
"90",6,5,"mar","sat",91.7,35.8,80.8,7.8,17.4,25,4.9,1,0,1
"91",6,5,"aug","sat",90.2,96.9,624.2,8.9,14.7,59,5.8,1,0,1
"92",8,6,"mar","fri",91.7,35.8,80.8,7.8,17.4,24,5.4,1,0,1
"93",8,6,"aug","sun",92.3,85.3,488,14.7,20.8,32,6.3,1,0,1
"94",8,6,"aug","sun",91.4,142.4,601.4,10.6,18.2,43,4.9,1,0,1
"95",8,6,"aug","mon",91.1,103.2,638.8,5.8,23.4,22,2.7,1,0,1
"96",4,4,"sep","sun",89.7,90,704.4,4.8,17.8,64,1.3,1,0,1
"97",3,4,"feb","sat",83.9,8,30.2,2.6,12.7,48,1.8,1,0,1
"98",3,4,"mar","sat",69,2.4,15.5,0.7,17.4,24,5.4,1,0,1
"99",3,4,"aug","sun",91.4,142.4,601.4,10.6,11.6,87,4.5,1,0,1
"100",3,4,"aug","sun",91.4,142.4,601.4,10.6,19.8,39,5.4,1,0,1
"101",3,4,"aug","sun",91.4,142.4,601.4,10.6,19.8,39,5.4,1,0,1
"102",3,4,"aug","tue",88.8,147.3,614.5,9,14.4,66,5.4,1,0,1
"103",2,4,"aug","tue",94.8,108.3,647.1,17,20.1,40,4,1,0,1
"104",2,4,"sep","sat",92.5,121.1,674.4,8.6,24.1,29,4.5,1,0,1
"105",2,4,"jan","sat",82.1,3.7,9.3,2.9,5.3,78,3.1,1,0,1
"106",4,5,"mar","fri",85.9,19.5,57.3,2.8,12.7,52,6.3,1,0,1
"107",4,5,"mar","thu",91.4,30.7,74.3,7.5,18.2,29,3.1,1,0,1
"108",4,5,"aug","sun",90.2,99.6,631.2,6.3,21.4,33,3.1,1,0,1
"109",4,5,"sep","sat",92.5,88,698.6,7.1,20.3,45,3.1,1,0,1
"110",4,5,"sep","mon",88.6,91.8,709.9,7.1,17.4,56,5.4,1,0,1
"111",4,4,"mar","fri",85.9,19.5,57.3,2.8,13.7,43,5.8,1,0,1
"112",3,4,"mar","fri",91.7,33.3,77.5,9,18.8,18,4.5,1,0,1
"113",3,4,"sep","sun",89.7,90,704.4,4.8,22.8,39,3.6,1,0,1
"114",3,4,"sep","mon",91.8,78.5,724.3,9.2,18.9,35,2.7,1,0,1
"115",3,4,"mar","tue",88.1,25.7,67.6,3.8,15.8,27,7.6,1,0,1
"116",3,5,"mar","tue",88.1,25.7,67.6,3.8,15.5,27,6.3,1,0,1
"117",3,4,"mar","sat",91.7,35.8,80.8,7.8,11.6,30,6.3,1,0,1
"118",3,4,"mar","sat",91.7,35.8,80.8,7.8,15.2,27,4.9,1,0,1
"119",3,4,"mar","mon",90.1,39.7,86.6,6.2,10.6,30,4,1,0,1
"120",3,4,"aug","thu",93,75.3,466.6,7.7,19.6,36,3.1,1,0,1
"121",3,4,"aug","mon",91.5,145.4,608.2,10.7,10.3,74,2.2,1,0,1
"122",3,4,"aug","mon",91.5,145.4,608.2,10.7,17.1,43,5.4,1,0,1
"123",3,4,"sep","sun",92.4,124.1,680.7,8.5,22.5,42,5.4,1,0,1
"124",3,4,"sep","tue",84.4,73.4,671.9,3.2,17.9,45,3.1,1,0,1
"125",3,4,"sep","fri",94.3,85.1,692.3,15.9,19.8,50,5.4,1,0,1
"126",3,4,"oct","sun",92.6,46.5,691.8,8.8,20.6,24,5.4,1,0,1
"127",3,5,"mar","mon",87.6,52.2,103.8,5,9,49,2.2,1,0,1
"128",3,5,"sep","fri",93.5,149.3,728.6,8.1,17.2,43,3.1,1,0,1
"129",3,5,"oct","wed",91.4,37.9,673.8,5.2,15.9,46,3.6,1,0,1
"130",2,5,"oct","sun",92.6,46.5,691.8,8.8,15.4,35,0.9,1,0,1
"131",4,6,"feb","sat",68.2,21.5,87.2,0.8,15.4,40,2.7,1,0,1
"132",4,6,"mar","mon",87.2,23.9,64.7,4.1,14,39,3.1,1,0,1
"133",4,6,"mar","sun",89.3,51.3,102.2,9.6,10.6,46,4.9,1,0,1
"134",4,6,"sep","thu",93.7,80.9,685.2,17.9,17.6,42,3.1,1,0,1
"135",3,5,"mar","tue",88.1,25.7,67.6,3.8,14.9,38,2.7,1,0,1
"136",3,5,"aug","sat",93.5,139.4,594.2,20.3,17.6,52,5.8,1,0,1
"137",3,6,"sep","sun",92.4,124.1,680.7,8.5,17.2,58,1.3,1,0,1
"138",3,6,"sep","mon",90.9,126.5,686.5,7,15.6,66,3.1,1,0,1
"139",9,9,"jul","tue",85.8,48.3,313.4,3.9,18,42,2.7,1,0.36,1
"140",1,4,"sep","tue",91,129.5,692.6,7,21.7,38,2.2,1,0.43,1
"141",2,5,"sep","mon",90.9,126.5,686.5,7,21.9,39,1.8,1,0.47,1
"142",1,2,"aug","wed",95.5,99.9,513.3,13.2,23.3,31,4.5,1,0.55,1
"143",8,6,"aug","fri",90.1,108,529.8,12.5,21.2,51,8.9,1,0.61,1
"144",1,2,"jul","sat",90,51.3,296.3,8.7,16.6,53,5.4,1,0.71,1
"145",2,5,"aug","wed",95.5,99.9,513.3,13.2,23.8,32,5.4,1,0.77,1
"146",6,5,"aug","thu",95.2,131.7,578.8,10.4,27.4,22,4,1,0.9,1
"147",5,4,"mar","mon",90.1,39.7,86.6,6.2,13.2,40,5.4,1,0.95,1
"148",8,3,"sep","tue",84.4,73.4,671.9,3.2,24.2,28,3.6,1,0.96,1
"149",2,2,"aug","tue",94.8,108.3,647.1,17,17.4,43,6.7,1,1.07,1
"150",8,6,"sep","thu",93.7,80.9,685.2,17.9,23.7,25,4.5,1,1.12,1
"151",6,5,"jun","fri",92.5,56.4,433.3,7.1,23.2,39,5.4,1,1.19,1
"152",9,9,"jul","sun",90.1,68.6,355.2,7.2,24.8,29,2.2,1,1.36,1
"153",3,4,"jul","sat",90.1,51.2,424.1,6.2,24.6,43,1.8,1,1.43,1
"154",5,4,"sep","fri",94.3,85.1,692.3,15.9,20.1,47,4.9,1,1.46,1
"155",1,5,"sep","sat",93.4,145.4,721.4,8.1,29.6,27,2.7,1,1.46,1
"156",7,4,"aug","sun",94.8,108.3,647.1,17,16.4,47,1.3,1,1.56,1
"157",2,4,"sep","sat",93.4,145.4,721.4,8.1,28.6,27,2.2,1,1.61,1
"158",2,2,"aug","wed",92.1,111.2,654.1,9.6,18.4,45,3.6,1,1.63,1
"159",2,4,"aug","wed",92.1,111.2,654.1,9.6,20.5,35,4,1,1.64,1
"160",7,4,"sep","fri",92.4,117.9,668,12.2,19,34,5.8,1,1.69,1
"161",7,4,"mar","mon",90.1,39.7,86.6,6.2,16.1,29,3.1,1,1.75,1
"162",6,4,"aug","thu",95.2,131.7,578.8,10.4,20.3,41,4,1,1.9,1
"163",6,3,"mar","sat",90.6,50.1,100.4,7.8,15.2,31,8.5,1,1.94,1
"164",8,6,"sep","sat",92.5,121.1,674.4,8.6,17.8,56,1.8,1,1.95,1
"165",8,5,"sep","sun",89.7,90,704.4,4.8,17.8,67,2.2,1,2.01,1
"166",6,5,"mar","thu",84.9,18.2,55,3,5.3,70,4.5,1,2.14,1
"167",6,5,"aug","wed",92.1,111.2,654.1,9.6,16.6,47,0.9,1,2.29,1
"168",6,5,"aug","wed",96,127.1,570.5,16.5,23.4,33,4.5,1,2.51,1
"169",6,5,"mar","fri",91.2,48.3,97.8,12.5,14.6,26,9.4,1,2.53,1
"170",8,6,"aug","thu",95.2,131.7,578.8,10.4,20.7,45,2.2,1,2.55,1
"171",5,4,"sep","wed",92.9,133.3,699.6,9.2,21.9,35,1.8,1,2.57,1
"172",8,6,"aug","wed",85.6,90.4,609.6,6.6,17.4,50,4,1,2.69,1
"173",7,4,"aug","sun",91.4,142.4,601.4,10.6,20.1,39,5.4,1,2.74,1
"174",4,4,"sep","mon",90.9,126.5,686.5,7,17.7,39,2.2,1,3.07,1
"175",1,4,"aug","sat",90.2,96.9,624.2,8.9,14.2,53,1.8,1,3.5,1
"176",1,4,"aug","sat",90.2,96.9,624.2,8.9,20.3,39,4.9,1,4.53,1
"177",6,5,"apr","thu",81.5,9.1,55.2,2.7,5.8,54,5.8,1,4.61,1
"178",2,5,"aug","sun",90.2,99.6,631.2,6.3,19.2,44,2.7,1,4.69,1
"179",2,5,"sep","wed",90.1,82.9,735.7,6.2,18.3,45,2.2,1,4.88,1
"180",8,6,"aug","tue",88.8,147.3,614.5,9,14.4,66,5.4,1,5.23,1
"181",1,3,"sep","sun",92.4,124.1,680.7,8.5,23.9,32,6.7,1,5.33,1
"182",8,6,"oct","mon",84.9,32.8,664.2,3,19.1,32,4,1,5.44,1
"183",5,4,"feb","sun",86.8,15.6,48.3,3.9,12.4,53,2.2,1,6.38,1
"184",7,4,"oct","mon",91.7,48.5,696.1,11.1,16.8,45,4.5,1,6.83,1
"185",8,6,"aug","fri",93.9,135.7,586.7,15.1,20.8,34,4.9,1,6.96,1
"186",2,5,"sep","tue",91,129.5,692.6,7,17.6,46,3.1,1,7.04,1
"187",8,6,"mar","sun",89.3,51.3,102.2,9.6,11.5,39,5.8,1,7.19,1
"188",1,5,"sep","mon",90.9,126.5,686.5,7,21,42,2.2,1,7.3,1
"189",6,4,"mar","sat",90.8,41.9,89.4,7.9,13.3,42,0.9,1,7.4,1
"190",7,4,"mar","sun",90.7,44,92.4,5.5,11.5,60,4,1,8.24,1
"191",6,5,"mar","fri",91.2,48.3,97.8,12.5,11.7,33,4,1,8.31,1
"192",2,5,"aug","thu",95.2,131.7,578.8,10.4,24.2,28,2.7,1,8.68,1
"193",2,2,"aug","tue",94.8,108.3,647.1,17,24.6,22,4.5,1,8.71,1
"194",4,5,"sep","wed",92.9,133.3,699.6,9.2,24.3,25,4,1,9.41,1
"195",2,2,"aug","tue",94.8,108.3,647.1,17,24.6,22,4.5,1,10.01,1
"196",2,5,"aug","fri",93.9,135.7,586.7,15.1,23.5,36,5.4,1,10.02,1
"197",6,5,"apr","thu",81.5,9.1,55.2,2.7,5.8,54,5.8,1,10.93,1
"198",4,5,"sep","thu",92.9,137,706.4,9.2,21.5,15,0.9,1,11.06,1
"199",3,4,"sep","tue",91,129.5,692.6,7,13.9,59,6.3,1,11.24,1
"200",2,4,"sep","mon",63.5,70.8,665.3,0.8,22.6,38,3.6,1,11.32,1
"201",1,5,"sep","tue",91,129.5,692.6,7,21.6,33,2.2,1,11.53,1
"202",6,5,"mar","sun",90.1,37.6,83.7,7.2,12.4,54,3.6,1,12.1,1
"203",7,4,"feb","sun",83.9,8.7,32.1,2.1,8.8,68,2.2,1,13.05,1
"204",8,6,"oct","wed",91.4,37.9,673.8,5.2,20.2,37,2.7,1,13.7,1
"205",5,6,"mar","sat",90.6,50.1,100.4,7.8,15.1,64,4,1,13.99,1
"206",4,5,"sep","thu",92.9,137,706.4,9.2,22.1,34,1.8,1,14.57,1
"207",2,2,"aug","sat",93.5,139.4,594.2,20.3,22.9,31,7.2,1,15.45,1
"208",7,5,"sep","tue",91,129.5,692.6,7,20.7,37,2.2,1,17.2,1
"209",6,5,"sep","fri",92.4,117.9,668,12.2,19.6,33,6.3,1,19.23,1
"210",8,3,"sep","thu",93.7,80.9,685.2,17.9,23.2,26,4.9,1,23.41,1
"211",4,4,"oct","sat",90.6,43.7,686.9,6.7,18.4,25,3.1,1,24.23,1
"212",7,4,"aug","sat",93.5,139.4,594.2,20.3,5.1,96,5.8,1,26,1
"213",7,4,"sep","fri",94.3,85.1,692.3,15.9,20.1,47,4.9,1,26.13,1
"214",7,3,"mar","mon",87.6,52.2,103.8,5,11,46,5.8,1,27.35,1
"215",4,4,"mar","sat",91.7,35.8,80.8,7.8,17,27,4.9,1,28.66,1
"216",4,4,"mar","sat",91.7,35.8,80.8,7.8,17,27,4.9,1,28.66,1
"217",4,4,"sep","sun",92.4,124.1,680.7,8.5,16.9,60,1.3,1,29.48,1
"218",1,3,"sep","mon",88.6,91.8,709.9,7.1,12.4,73,6.3,1,30.32,1
"219",4,5,"sep","wed",92.9,133.3,699.6,9.2,19.4,19,1.3,1,31.72,1
"220",6,5,"mar","mon",90.1,39.7,86.6,6.2,15.2,27,3.1,1,31.86,1
"221",8,6,"aug","sun",90.2,99.6,631.2,6.3,16.2,59,3.1,1,32.07,1
"222",3,4,"sep","fri",93.3,141.2,713.9,13.9,18.6,49,3.6,1,35.88,1
"223",4,3,"mar","mon",87.6,52.2,103.8,5,11,46,5.8,1,36.85,1
"224",2,2,"jul","fri",88.3,150.3,309.9,6.8,13.4,79,3.6,1,37.02,1
"225",7,4,"sep","wed",90.1,82.9,735.7,6.2,15.4,57,4.5,1,37.71,1
"226",4,4,"sep","sun",93.5,149.3,728.6,8.1,22.9,39,4.9,1,48.55,1
"227",7,5,"oct","mon",91.7,48.5,696.1,11.1,16.1,44,4,1,49.37,1
"228",8,6,"aug","sat",92.2,81.8,480.8,11.9,20.1,34,4.5,1,58.3,1
"229",4,6,"sep","sun",93.5,149.3,728.6,8.1,28.3,26,3.1,1,64.1,1
"230",8,6,"aug","sat",92.2,81.8,480.8,11.9,16.4,43,4,1,71.3,1
"231",4,4,"sep","wed",92.9,133.3,699.6,9.2,26.4,21,4.5,1,88.49,1
"232",1,5,"sep","sun",93.5,149.3,728.6,8.1,27.8,27,3.1,1,95.18,1
"233",6,4,"sep","tue",91,129.5,692.6,7,18.7,43,2.7,1,103.39,1
"234",9,4,"sep","tue",84.4,73.4,671.9,3.2,24.3,36,3.1,1,105.66,1
"235",4,5,"sep","sat",92.5,121.1,674.4,8.6,17.7,25,3.1,1,154.88,1
"236",8,6,"aug","sun",91.4,142.4,601.4,10.6,19.6,41,5.8,1,196.48,1
"237",2,2,"sep","sat",92.5,121.1,674.4,8.6,18.2,46,1.8,1,200.94,1
"238",1,2,"sep","tue",91,129.5,692.6,7,18.8,40,2.2,1,212.88,1
"239",6,5,"sep","sat",92.5,121.1,674.4,8.6,25.1,27,4,1,1090.84,1
"240",7,5,"apr","sun",81.9,3,7.9,3.5,13.4,75,1.8,1,0,1
"241",6,3,"apr","wed",88,17.2,43.5,3.8,15.2,51,2.7,1,0,1
"242",4,4,"apr","fri",83,23.3,85.3,2.3,16.7,20,3.1,1,0,1
"243",2,4,"aug","sun",94.2,122.3,589.9,12.9,15.4,66,4,1,10.13,1
"244",7,4,"aug","sun",91.8,175.1,700.7,13.8,21.9,73,7.6,0,0,0
"245",2,4,"aug","sun",91.8,175.1,700.7,13.8,22.4,54,7.6,1,2.87,1
"246",3,4,"aug","sun",91.8,175.1,700.7,13.8,26.8,38,6.3,1,0.76,1
"247",5,4,"aug","sun",91.8,175.1,700.7,13.8,25.7,39,5.4,1,0.09,1
"248",2,4,"aug","wed",92.2,91.6,503.6,9.6,20.7,70,2.2,1,0.75,1
"249",8,6,"aug","wed",93.1,157.3,666.7,13.5,28.7,28,2.7,1,0,1
"250",3,4,"aug","wed",93.1,157.3,666.7,13.5,21.7,40,0.4,1,2.47,1
"251",8,5,"aug","wed",93.1,157.3,666.7,13.5,26.8,25,3.1,1,0.68,1
"252",8,5,"aug","wed",93.1,157.3,666.7,13.5,24,36,3.1,1,0.24,1
"253",6,5,"aug","wed",93.1,157.3,666.7,13.5,22.1,37,3.6,1,0.21,1
"254",7,4,"aug","thu",91.9,109.2,565.5,8,21.4,38,2.7,1,1.52,1
"255",6,3,"aug","thu",91.6,138.1,621.7,6.3,18.9,41,3.1,1,10.34,1
"256",2,5,"aug","thu",87.5,77,694.8,5,22.3,46,4,1,0,1
"257",8,6,"aug","sat",94.2,117.2,581.1,11,23.9,41,2.2,1,8.02,1
"258",4,3,"aug","sat",94.2,117.2,581.1,11,21.4,44,2.7,1,0.68,1
"259",3,4,"aug","sat",91.8,170.9,692.3,13.7,20.6,59,0.9,1,0,1
"260",7,4,"aug","sat",91.8,170.9,692.3,13.7,23.7,40,1.8,1,1.38,1
"261",2,4,"aug","mon",93.6,97.9,542,14.4,28.3,32,4,1,8.85,1
"262",3,4,"aug","fri",91.6,112.4,573,8.9,11.2,84,7.6,1,3.3,1
"263",2,4,"aug","fri",91.6,112.4,573,8.9,21.4,42,3.1,1,4.25,1
"264",6,3,"aug","fri",91.1,141.1,629.1,7.1,19.3,39,3.6,1,1.56,1
"265",4,4,"aug","fri",94.3,167.6,684.4,13,21.8,53,3.1,1,6.54,1
"266",4,4,"aug","tue",93.7,102.2,550.3,14.6,22.1,54,7.6,1,0.79,1
"267",6,5,"aug","tue",94.3,131.7,607.1,22.7,19.4,55,4,1,0.17,1
"268",2,2,"aug","tue",92.1,152.6,658.2,14.3,23.7,24,3.1,1,0,1
"269",3,4,"aug","tue",92.1,152.6,658.2,14.3,21,32,3.1,1,0,1
"270",4,4,"aug","tue",92.1,152.6,658.2,14.3,19.1,53,2.7,1,4.4,1
"271",2,2,"aug","tue",92.1,152.6,658.2,14.3,21.8,56,3.1,1,0.52,1
"272",8,6,"aug","tue",92.1,152.6,658.2,14.3,20.1,58,4.5,1,9.27,1
"273",2,5,"aug","tue",92.1,152.6,658.2,14.3,20.2,47,4,1,3.09,1
"274",4,6,"dec","sun",84.4,27.2,353.5,6.8,4.8,57,8.5,1,8.98,1
"275",8,6,"dec","wed",84,27.8,354.6,5.3,5.1,61,8,1,11.19,1
"276",4,6,"dec","thu",84.6,26.4,352,2,5.1,61,4.9,1,5.38,1
"277",4,4,"dec","mon",85.4,25.4,349.7,2.6,4.6,21,8.5,1,17.85,1
"278",3,4,"dec","mon",85.4,25.4,349.7,2.6,4.6,21,8.5,1,10.73,1
"279",4,4,"dec","mon",85.4,25.4,349.7,2.6,4.6,21,8.5,1,22.03,1
"280",4,4,"dec","mon",85.4,25.4,349.7,2.6,4.6,21,8.5,1,9.77,1
"281",4,6,"dec","fri",84.7,26.7,352.6,4.1,2.2,59,4.9,1,9.27,1
"282",6,5,"dec","tue",85.4,25.4,349.7,2.6,5.1,24,8.5,1,24.77,1
"283",6,3,"feb","sun",84.9,27.5,353.5,3.4,4.2,51,4,1,0,1
"284",3,4,"feb","wed",86.9,6.6,18.7,3.2,8.8,35,3.1,1,1.1,1
"285",5,4,"feb","fri",85.2,4.9,15.8,6.3,7.5,46,8,1,24.24,1
"286",2,5,"jul","sun",93.9,169.7,411.8,12.3,23.4,40,6.3,1,0,1
"287",7,6,"jul","wed",91.2,183.1,437.7,12.5,12.6,90,7.6,0,0,0
"288",7,4,"jul","sat",91.6,104.2,474.9,9,22.1,49,2.7,1,0,1
"289",7,4,"jul","sat",91.6,104.2,474.9,9,24.2,32,1.8,1,0,1
"290",7,4,"jul","sat",91.6,104.2,474.9,9,24.3,30,1.8,1,0,1
"291",2,5,"jul","sat",91.6,104.2,474.9,9,18.7,53,1.8,1,0,1
"292",9,4,"jul","sat",91.6,104.2,474.9,9,25.3,39,0.9,1,8,1
"293",4,5,"jul","fri",91.6,100.2,466.3,6.3,22.9,40,1.3,1,2.64,1
"294",7,6,"jul","tue",93.1,180.4,430.8,11,26.9,28,5.4,1,86.45,1
"295",8,6,"jul","tue",92.3,88.8,440.9,8.5,17.1,67,3.6,1,6.57,1
"296",7,5,"jun","sun",93.1,180.4,430.8,11,22.2,48,1.3,1,0,1
"297",6,4,"jun","sun",90.4,89.5,290.8,6.4,14.3,46,1.8,1,0.9,1
"298",8,6,"jun","sun",90.4,89.5,290.8,6.4,15.4,45,2.2,1,0,1
"299",8,6,"jun","wed",91.2,147.8,377.2,12.7,19.6,43,4.9,1,0,1
"300",6,5,"jun","sat",53.4,71,233.8,0.4,10.6,90,2.7,1,0,1
"301",6,5,"jun","mon",90.4,93.3,298.1,7.5,20.7,25,4.9,1,0,1
"302",6,5,"jun","mon",90.4,93.3,298.1,7.5,19.1,39,5.4,1,3.52,1
"303",3,6,"jun","fri",91.1,94.1,232.1,7.1,19.2,38,4.5,1,0,1
"304",3,6,"jun","fri",91.1,94.1,232.1,7.1,19.2,38,4.5,1,0,1
"305",6,5,"may","sat",85.1,28,113.8,3.5,11.3,94,4.9,1,0,1
"306",1,4,"sep","sun",89.6,84.1,714.3,5.7,19,52,2.2,1,0,1
"307",7,4,"sep","sun",89.6,84.1,714.3,5.7,17.1,53,5.4,1,0.41,1
"308",3,4,"sep","sun",89.6,84.1,714.3,5.7,23.8,35,3.6,1,5.18,1
"309",2,4,"sep","sun",92.4,105.8,758.1,9.9,16,45,1.8,1,0,1
"310",2,4,"sep","sun",92.4,105.8,758.1,9.9,24.9,27,2.2,1,0,1
"311",7,4,"sep","sun",92.4,105.8,758.1,9.9,25.3,27,2.7,1,0,1
"312",6,3,"sep","sun",92.4,105.8,758.1,9.9,24.8,28,1.8,1,14.29,1
"313",2,4,"sep","sun",50.4,46.2,706.6,0.4,12.2,78,6.3,1,0,1
"314",6,5,"sep","wed",92.6,115.4,777.1,8.8,24.3,27,4.9,1,0,1
"315",4,4,"sep","wed",92.6,115.4,777.1,8.8,19.7,41,1.8,1,1.58,1
"316",3,4,"sep","wed",91.2,134.7,817.5,7.2,18.5,30,2.7,1,0,1
"317",4,5,"sep","thu",92.4,96.2,739.4,8.6,18.6,24,5.8,1,0,1
"318",4,4,"sep","thu",92.4,96.2,739.4,8.6,19.2,24,4.9,1,3.78,1
"319",6,5,"sep","thu",92.8,119,783.5,7.5,21.6,27,2.2,1,0,1
"320",5,4,"sep","thu",92.8,119,783.5,7.5,21.6,28,6.3,1,4.41,1
"321",6,3,"sep","thu",92.8,119,783.5,7.5,18.9,34,7.2,1,34.36,1
"322",1,4,"sep","thu",92.8,119,783.5,7.5,16.8,28,4,1,7.21,1
"323",6,5,"sep","thu",92.8,119,783.5,7.5,16.8,28,4,1,1.01,1
"324",3,5,"sep","thu",90.7,136.9,822.8,6.8,12.9,39,2.7,1,2.18,1
"325",6,5,"sep","thu",88.1,53.3,726.9,5.4,13.7,56,1.8,1,4.42,1
"326",1,4,"sep","sat",92.2,102.3,751.5,8.4,24.2,27,3.1,1,0,1
"327",5,4,"sep","sat",92.2,102.3,751.5,8.4,24.1,27,3.1,1,0,1
"328",6,5,"sep","sat",92.2,102.3,751.5,8.4,21.2,32,2.2,1,0,1
"329",6,5,"sep","sat",92.2,102.3,751.5,8.4,19.7,35,1.8,1,0,1
"330",4,3,"sep","sat",92.2,102.3,751.5,8.4,23.5,27,4,1,3.33,1
"331",3,3,"sep","sat",92.2,102.3,751.5,8.4,24.2,27,3.1,1,6.58,1
"332",7,4,"sep","sat",91.2,124.4,795.3,8.5,21.5,28,4.5,1,15.64,1
"333",4,4,"sep","sat",91.2,124.4,795.3,8.5,17.1,41,2.2,1,11.22,1
"334",1,4,"sep","mon",92.1,87.7,721.1,9.5,18.1,54,3.1,1,2.13,1
"335",2,3,"sep","mon",91.6,108.4,764,6.2,18,51,5.4,1,0,1
"336",4,3,"sep","mon",91.6,108.4,764,6.2,9.8,86,1.8,1,0,1
"337",7,4,"sep","mon",91.6,108.4,764,6.2,19.3,44,2.2,1,0,1
"338",6,3,"sep","mon",91.6,108.4,764,6.2,23,34,2.2,1,56.04,1
"339",8,6,"sep","mon",91.6,108.4,764,6.2,22.7,35,2.2,1,7.48,1
"340",2,4,"sep","mon",91.6,108.4,764,6.2,20.4,41,1.8,1,1.47,1
"341",2,5,"sep","mon",91.6,108.4,764,6.2,19.3,44,2.2,1,3.93,1
"342",8,6,"sep","mon",91.9,111.7,770.3,6.5,15.7,51,2.2,1,0,1
"343",6,3,"sep","mon",91.5,130.1,807.1,7.5,20.6,37,1.8,1,0,1
"344",8,6,"sep","mon",91.5,130.1,807.1,7.5,15.9,51,4.5,1,2.18,1
"345",6,3,"sep","mon",91.5,130.1,807.1,7.5,12.2,66,4.9,1,6.1,1
"346",2,2,"sep","mon",91.5,130.1,807.1,7.5,16.8,43,3.1,1,5.83,1
"347",1,4,"sep","mon",91.5,130.1,807.1,7.5,21.3,35,2.2,1,28.19,1
"348",5,4,"sep","fri",92.1,99,745.3,9.6,10.1,75,3.6,1,0,1
"349",3,4,"sep","fri",92.1,99,745.3,9.6,17.4,57,4.5,1,0,1
"350",5,4,"sep","fri",92.1,99,745.3,9.6,12.8,64,3.6,1,1.64,1
"351",5,4,"sep","fri",92.1,99,745.3,9.6,10.1,75,3.6,1,3.71,1
"352",4,4,"sep","fri",92.1,99,745.3,9.6,15.4,53,6.3,1,7.31,1
"353",7,4,"sep","fri",92.1,99,745.3,9.6,20.6,43,3.6,1,2.03,1
"354",7,4,"sep","fri",92.1,99,745.3,9.6,19.8,47,2.7,1,1.72,1
"355",7,4,"sep","fri",92.1,99,745.3,9.6,18.7,50,2.2,1,5.97,1
"356",4,4,"sep","fri",92.1,99,745.3,9.6,20.8,35,4.9,1,13.06,1
"357",4,4,"sep","fri",92.1,99,745.3,9.6,20.8,35,4.9,1,1.26,1
"358",6,3,"sep","fri",92.5,122,789.7,10.2,15.9,55,3.6,1,0,1
"359",6,3,"sep","fri",92.5,122,789.7,10.2,19.7,39,2.7,1,0,1
"360",1,4,"sep","fri",92.5,122,789.7,10.2,21.1,39,2.2,1,8.12,1
"361",6,5,"sep","fri",92.5,122,789.7,10.2,18.4,42,2.2,1,1.09,1
"362",4,3,"sep","fri",92.5,122,789.7,10.2,17.3,45,4,1,3.94,1
"363",7,4,"sep","fri",88.2,55.2,732.3,11.6,15.2,64,3.1,1,0.52,1
"364",4,3,"sep","tue",91.9,111.7,770.3,6.5,15.9,53,2.2,1,2.93,1
"365",6,5,"sep","tue",91.9,111.7,770.3,6.5,21.1,35,2.7,1,5.65,1
"366",6,5,"sep","tue",91.9,111.7,770.3,6.5,19.6,45,3.1,1,20.03,1
"367",4,5,"sep","tue",91.1,132.3,812.1,12.5,15.9,38,5.4,1,1.75,1
"368",4,5,"sep","tue",91.1,132.3,812.1,12.5,16.4,27,3.6,1,0,1
"369",6,5,"sep","sat",91.2,94.3,744.4,8.4,16.8,47,4.9,1,12.64,1
"370",4,5,"sep","sun",91,276.3,825.1,7.1,13.8,77,7.6,1,0,1
"371",7,4,"sep","sun",91,276.3,825.1,7.1,13.8,77,7.6,1,11.06,1
"372",3,4,"jul","wed",91.9,133.6,520.5,8,14.2,58,4,1,0,1
"373",4,5,"aug","sun",92,203.2,664.5,8.1,10.4,75,0.9,1,0,1
"374",5,4,"aug","thu",94.8,222.4,698.6,13.9,20.3,42,2.7,1,0,1
"375",6,5,"sep","fri",90.3,290,855.3,7.4,10.3,78,4,1,18.3,1
"376",6,5,"sep","sat",91.2,94.3,744.4,8.4,15.4,57,4.9,1,39.35,1
"377",8,6,"aug","mon",92.1,207,672.6,8.2,21.1,54,2.2,1,0,1
"378",2,2,"aug","sat",93.7,231.1,715.1,8.4,21.9,42,2.2,1,174.63,1
"379",6,5,"mar","thu",90.9,18.9,30.6,8,8.7,51,5.8,1,0,1
"380",4,5,"jan","sun",18.7,1.1,171.4,0,5.2,100,0.9,1,0,1
"381",5,4,"jul","wed",93.7,101.3,458.8,11.9,19.3,39,7.2,1,7.73,1
"382",8,6,"aug","thu",90.7,194.1,643,6.8,16.2,63,2.7,1,16.33,1
"383",8,6,"aug","wed",95.2,217.7,690,18,28.2,29,1.8,1,5.86,1
"384",9,6,"aug","thu",91.6,248.4,753.8,6.3,20.5,58,2.7,1,42.87,1
"385",8,4,"aug","sat",91.6,273.8,819.1,7.7,21.3,44,4.5,1,12.18,1
"386",2,4,"aug","sun",91.6,181.3,613,7.6,20.9,50,2.2,1,16,1
"387",3,4,"sep","sun",90.5,96.7,750.5,11.4,20.6,55,5.4,1,24.59,1
"388",5,5,"mar","thu",90.9,18.9,30.6,8,11.6,48,5.4,1,0,1
"389",6,4,"aug","fri",94.8,227,706.7,12,23.3,34,3.1,1,28.74,1
"390",7,4,"aug","fri",94.8,227,706.7,12,23.3,34,3.1,1,0,1
"391",7,4,"feb","mon",84.7,9.5,58.3,4.1,7.5,71,6.3,1,9.96,1
"392",8,6,"sep","fri",91.1,91.3,738.1,7.2,20.7,46,2.7,1,30.18,1
"393",1,3,"sep","sun",91,276.3,825.1,7.1,21.9,43,4,1,70.76,1
"394",2,4,"mar","tue",93.4,15,25.6,11.4,15.2,19,7.6,1,0,1
"395",6,5,"feb","mon",84.1,4.6,46.7,2.2,5.3,68,1.8,1,0,1
"396",4,5,"feb","sun",85,9,56.9,3.5,10.1,62,1.8,1,51.78,1
"397",4,3,"sep","sun",90.5,96.7,750.5,11.4,20.4,55,4.9,1,3.64,1
"398",5,6,"aug","sun",91.6,181.3,613,7.6,24.3,33,3.6,1,3.63,1
"399",1,2,"aug","sat",93.7,231.1,715.1,8.4,25.9,32,3.1,1,0,1
"400",9,5,"jun","wed",93.3,49.5,297.7,14,28,34,4.5,1,0,1
"401",9,5,"jun","wed",93.3,49.5,297.7,14,28,34,4.5,1,8.16,1
"402",3,4,"sep","thu",91.1,88.2,731.7,8.3,22.8,46,4,1,4.95,1
"403",9,9,"aug","fri",94.8,227,706.7,12,25,36,4,1,0,1
"404",8,6,"aug","thu",90.7,194.1,643,6.8,21.3,41,3.6,1,0,1
"405",2,4,"sep","wed",87.9,84.8,725.1,3.7,21.8,34,2.2,1,6.04,1
"406",2,2,"aug","tue",94.6,212.1,680.9,9.5,27.9,27,2.2,1,0,1
"407",6,5,"sep","sat",87.1,291.3,860.6,4,17,67,4.9,1,3.95,1
"408",4,5,"feb","sat",84.7,8.2,55,2.9,14.2,46,4,1,0,1
"409",4,3,"sep","fri",90.3,290,855.3,7.4,19.9,44,3.1,1,7.8,1
"410",1,4,"jul","tue",92.3,96.2,450.2,12.1,23.4,31,5.4,1,0,1
"411",6,3,"feb","fri",84.1,7.3,52.8,2.7,14.7,42,2.7,1,0,1
"412",7,4,"feb","fri",84.6,3.2,43.6,3.3,8.2,53,9.4,1,4.62,1
"413",9,4,"jul","mon",92.3,92.1,442.1,9.8,22.8,27,4.5,1,1.63,1
"414",7,5,"aug","sat",93.7,231.1,715.1,8.4,26.4,33,3.6,1,0,1
"415",5,4,"aug","sun",93.6,235.1,723.1,10.1,24.1,50,4,1,0,1
"416",8,6,"aug","thu",94.8,222.4,698.6,13.9,27.5,27,4.9,1,746.28,1
"417",6,3,"jul","tue",92.7,164.1,575.8,8.9,26.3,39,3.1,1,7.02,1
"418",6,5,"mar","wed",93.4,17.3,28.3,9.9,13.8,24,5.8,1,0,1
"419",2,4,"aug","sun",92,203.2,664.5,8.1,24.9,42,5.4,1,2.44,1
"420",2,5,"aug","sun",91.6,181.3,613,7.6,24.8,36,4,1,3.05,1
"421",8,8,"aug","wed",91.7,191.4,635.9,7.8,26.2,36,4.5,1,185.76,1
"422",2,4,"aug","wed",95.2,217.7,690,18,30.8,19,4.5,1,0,1
"423",8,6,"jul","sun",88.9,263.1,795.9,5.2,29.3,27,3.6,1,6.3,1
"424",1,3,"sep","sat",91.2,94.3,744.4,8.4,22.3,48,4,1,0.72,1
"425",8,6,"aug","sat",93.7,231.1,715.1,8.4,26.9,31,3.6,1,4.96,1
"426",2,2,"aug","thu",91.6,248.4,753.8,6.3,20.4,56,2.2,1,0,1
"427",8,6,"aug","thu",91.6,248.4,753.8,6.3,20.4,56,2.2,1,0,1
"428",2,4,"aug","mon",92.1,207,672.6,8.2,27.9,33,2.2,1,2.35,1
"429",1,3,"aug","thu",94.8,222.4,698.6,13.9,26.2,34,5.8,1,0,1
"430",3,4,"aug","sun",91.6,181.3,613,7.6,24.6,44,4,1,3.2,1
"431",7,4,"sep","thu",89.7,287.2,849.3,6.8,19.4,45,3.6,1,0,1
"432",1,3,"aug","sat",92.1,178,605.3,9.6,23.3,40,4,1,6.36,1
"433",8,6,"aug","thu",94.8,222.4,698.6,13.9,23.9,38,6.7,1,0,1
"434",2,4,"aug","sun",93.6,235.1,723.1,10.1,20.9,66,4.9,1,15.34,1
"435",1,4,"aug","fri",90.6,269.8,811.2,5.5,22.2,45,3.6,1,0,1
"436",2,5,"jul","sat",90.8,84.7,376.6,5.6,23.8,51,1.8,1,0,1
"437",8,6,"aug","mon",92.1,207,672.6,8.2,26.8,35,1.3,1,0.54,1
"438",8,6,"aug","sat",89.4,253.6,768.4,9.7,14.2,73,2.7,1,0,1
"439",2,5,"aug","sat",93.7,231.1,715.1,8.4,23.6,53,4,1,6.43,1
"440",1,3,"sep","fri",91.1,91.3,738.1,7.2,19.1,46,2.2,1,0.33,1
"441",5,4,"sep","fri",90.3,290,855.3,7.4,16.2,58,3.6,1,0,1
"442",8,6,"aug","mon",92.1,207,672.6,8.2,25.5,29,1.8,1,1.23,1
"443",6,5,"apr","mon",87.9,24.9,41.6,3.7,10.9,64,3.1,1,3.35,1
"444",1,2,"jul","fri",90.7,80.9,368.3,16.8,14.8,78,8,1,0,1
"445",2,5,"sep","fri",90.3,290,855.3,7.4,16.2,58,3.6,1,9.96,1
"446",5,5,"aug","sun",94,47.9,100.7,10.7,17.3,80,4.5,1,0,1
"447",6,5,"aug","sun",92,203.2,664.5,8.1,19.1,70,2.2,1,0,1
"448",3,4,"mar","wed",93.4,17.3,28.3,9.9,8.9,35,8,1,0,1
"449",7,4,"sep","wed",89.7,284.9,844,10.1,10.5,77,4,1,0,1
"450",7,4,"aug","sun",91.6,181.3,613,7.6,19.3,61,4.9,1,0,1
"451",4,5,"aug","wed",95.2,217.7,690,18,23.4,49,5.4,1,6.43,1
"452",1,4,"aug","fri",90.5,196.8,649.9,16.3,11.8,88,4.9,1,9.71,1
"453",7,4,"aug","mon",91.5,238.2,730.6,7.5,17.7,65,4,1,0,1
"454",4,5,"aug","thu",89.4,266.2,803.3,5.6,17.4,54,3.1,1,0,1
"455",3,4,"aug","thu",91.6,248.4,753.8,6.3,16.8,56,3.1,1,0,1
"456",3,4,"jul","mon",94.6,160,567.2,16.7,17.9,48,2.7,1,0,1
"457",2,4,"aug","thu",91.6,248.4,753.8,6.3,16.6,59,2.7,1,0,1
"458",1,4,"aug","wed",91.7,191.4,635.9,7.8,19.9,50,4,1,82.75,1
"459",8,6,"aug","sat",93.7,231.1,715.1,8.4,18.9,64,4.9,1,3.32,1
"460",7,4,"aug","sat",91.6,273.8,819.1,7.7,15.5,72,8,1,1.94,1
"461",2,5,"aug","sat",93.7,231.1,715.1,8.4,18.9,64,4.9,1,0,1
"462",8,6,"aug","sat",93.7,231.1,715.1,8.4,18.9,64,4.9,1,0,1
"463",1,4,"sep","sun",91,276.3,825.1,7.1,14.5,76,7.6,1,3.71,1
"464",6,5,"feb","tue",75.1,4.4,16.2,1.9,4.6,82,6.3,1,5.39,1
"465",6,4,"feb","tue",75.1,4.4,16.2,1.9,5.1,77,5.4,1,2.14,1
"466",2,2,"feb","sat",79.5,3.6,15.3,1.8,4.6,59,0.9,1,6.84,1
"467",6,5,"mar","mon",87.2,15.1,36.9,7.1,10.2,45,5.8,1,3.18,1
"468",3,4,"mar","wed",90.2,18.5,41.1,7.3,11.2,41,5.4,1,5.55,1
"469",6,5,"mar","thu",91.3,20.6,43.5,8.5,13.3,27,3.6,1,6.61,1
"470",6,3,"apr","sun",91,14.6,25.6,12.3,13.7,33,9.4,1,61.13,1
"471",5,4,"apr","sun",91,14.6,25.6,12.3,17.6,27,5.8,1,0,1
"472",4,3,"may","fri",89.6,25.4,73.7,5.7,18,40,4,1,38.48,1
"473",8,3,"jun","mon",88.2,96.2,229,4.7,14.3,79,4,1,1.94,1
"474",9,4,"jun","sat",90.5,61.1,252.6,9.4,24.5,50,3.1,1,70.32,1
"475",4,3,"jun","thu",93,103.8,316.7,10.8,26.4,35,2.7,1,10.08,1
"476",2,5,"jun","thu",93.7,121.7,350.2,18,22.7,40,9.4,1,3.19,1
"477",4,3,"jul","thu",93.5,85.3,395,9.9,27.2,28,1.3,1,1.76,1
"478",4,3,"jul","sun",93.7,101.3,423.4,14.7,26.1,45,4,1,7.36,1
"479",7,4,"jul","sun",93.7,101.3,423.4,14.7,18.2,82,4.5,1,2.21,1
"480",7,4,"jul","mon",89.2,103.9,431.6,6.4,22.6,57,4.9,1,278.53,1
"481",9,9,"jul","thu",93.2,114.4,560,9.5,30.2,25,4.5,1,2.75,1
"482",4,3,"jul","thu",93.2,114.4,560,9.5,30.2,22,4.9,1,0,1
"483",3,4,"aug","sun",94.9,130.3,587.1,14.1,23.4,40,5.8,1,1.29,1
"484",8,6,"aug","sun",94.9,130.3,587.1,14.1,31,27,5.4,1,0,1
"485",2,5,"aug","sun",94.9,130.3,587.1,14.1,33.1,25,4,1,26.43,1
"486",2,4,"aug","mon",95,135.5,596.3,21.3,30.6,28,3.6,1,2.07,1
"487",5,4,"aug","tue",95.1,141.3,605.8,17.7,24.1,43,6.3,1,2,1
"488",5,4,"aug","tue",95.1,141.3,605.8,17.7,26.4,34,3.6,1,16.4,1
"489",4,4,"aug","tue",95.1,141.3,605.8,17.7,19.4,71,7.6,1,46.7,1
"490",4,4,"aug","wed",95.1,141.3,605.8,17.7,20.6,58,1.3,1,0,1
"491",4,4,"aug","wed",95.1,141.3,605.8,17.7,28.7,33,4,1,0,1
"492",4,4,"aug","thu",95.8,152,624.1,13.8,32.4,21,4.5,1,0,1
"493",1,3,"aug","fri",95.9,158,633.6,11.3,32.4,27,2.2,1,0,1
"494",1,3,"aug","fri",95.9,158,633.6,11.3,27.5,29,4.5,1,43.32,1
"495",6,6,"aug","sat",96,164,643,14,30.8,30,4.9,1,8.59,1
"496",6,6,"aug","mon",96.2,175.5,661.8,16.8,23.9,42,2.2,1,0,1
"497",4,5,"aug","mon",96.2,175.5,661.8,16.8,32.6,26,3.1,1,2.77,1
"498",3,4,"aug","tue",96.1,181.1,671.2,14.3,32.3,27,2.2,1,14.68,1
"499",6,5,"aug","tue",96.1,181.1,671.2,14.3,33.3,26,2.7,1,40.54,1
"500",7,5,"aug","tue",96.1,181.1,671.2,14.3,27.3,63,4.9,0,10.82,0
"501",8,6,"aug","tue",96.1,181.1,671.2,14.3,21.6,65,4.9,0,0,0
"502",7,5,"aug","tue",96.1,181.1,671.2,14.3,21.6,65,4.9,0,0,0
"503",4,4,"aug","tue",96.1,181.1,671.2,14.3,20.7,69,4.9,0,0,0
"504",2,4,"aug","wed",94.5,139.4,689.1,20,29.2,30,4.9,1,1.95,1
"505",4,3,"aug","wed",94.5,139.4,689.1,20,28.9,29,4.9,1,49.59,1
"506",1,2,"aug","thu",91,163.2,744.4,10.1,26.7,35,1.8,1,5.8,1
"507",1,2,"aug","fri",91,166.9,752.6,7.1,18.5,73,8.5,1,0,1
"508",2,4,"aug","fri",91,166.9,752.6,7.1,25.9,41,3.6,1,0,1
"509",1,2,"aug","fri",91,166.9,752.6,7.1,25.9,41,3.6,1,0,1
"510",5,4,"aug","fri",91,166.9,752.6,7.1,21.1,71,7.6,0,2.17,0
"511",6,5,"aug","fri",91,166.9,752.6,7.1,18.2,62,5.4,1,0.43,1
"512",8,6,"aug","sun",81.6,56.7,665.6,1.9,27.8,35,2.7,1,0,1
"513",4,3,"aug","sun",81.6,56.7,665.6,1.9,27.8,32,2.7,1,6.44,1
"514",2,4,"aug","sun",81.6,56.7,665.6,1.9,21.9,71,5.8,1,54.29,1
"515",7,4,"aug","sun",81.6,56.7,665.6,1.9,21.2,70,6.7,1,11.16,1
"516",1,4,"aug","sat",94.4,146,614.7,11.3,25.6,42,4,1,0,1
"517",6,3,"nov","tue",79.5,3,106.7,1.1,11.8,31,4.5,1,0,1
